{"cameraMode":{"drawMode":0,"name":"Shaded","section":"Shading Mode"},"sceneLighting":true,"audioPlay":false,"sceneViewState":{"showFog":true,"showMaterialUpdate":false,"showSkybox":true,"showFlares":true,"showImageEffects":true,"showParticleSystems":true},"in2DMode":false,"pivot":{"x":-4.751435279846191,"y":-0.457377552986145,"z":-3.126530647277832},"rotation":{"x":-0.0800027996301651,"y":0.85505211353302,"z":-0.13869896531105042,"w":-0.4932090640068054},"size":7.548053741455078,"orthographic":false}