{"cameraMode":{"drawMode":0,"name":"Shaded","section":"Shading Mode"},"sceneLighting":true,"audioPlay":false,"sceneViewState":{"showFog":true,"showMaterialUpdate":false,"showSkybox":true,"showFlares":true,"showImageEffects":true,"showParticleSystems":true},"in2DMode":false,"pivot":{"x":-1.1841630935668946,"y":-1.0896981954574586,"z":-8.873004913330079},"rotation":{"x":-0.0800027996301651,"y":0.85505211353302,"z":-0.13869896531105042,"w":-0.4932090640068054},"size":13.402290344238282,"orthographic":false}