{"cameraMode":{"drawMode":0,"name":"Shaded","section":"Shading Mode"},"sceneLighting":true,"audioPlay":false,"sceneViewState":{"showFog":true,"showMaterialUpdate":false,"showSkybox":false,"showFlares":true,"showImageEffects":true,"showParticleSystems":true},"in2DMode":false,"pivot":{"x":-5.654999732971191,"y":2.7100000381469728,"z":3.930000066757202},"rotation":{"x":0.4067336618900299,"y":0.2566996216773987,"z":-0.12022308260202408,"w":0.8684595227241516},"size":40.010372161865237,"orthographic":false}