{"cameraMode":{"drawMode":0,"name":"Shaded","section":"Shading Mode"},"sceneLighting":true,"audioPlay":false,"sceneViewState":{"showFog":true,"showMaterialUpdate":false,"showSkybox":true,"showFlares":true,"showImageEffects":true,"showParticleSystems":true},"in2DMode":false,"pivot":{"x":4.310777187347412,"y":1.0539121627807618,"z":-1.9304115772247315},"rotation":{"x":0.32954999804496767,"y":0.3214481770992279,"z":-0.12044388055801392,"w":0.8795236945152283},"size":3.040341854095459,"orthographic":false}