{"cameraMode":{"drawMode":0,"name":"Shaded","section":"Shading Mode"},"sceneLighting":true,"audioPlay":false,"sceneViewState":{"showFog":true,"showMaterialUpdate":false,"showSkybox":true,"showFlares":true,"showImageEffects":true,"showParticleSystems":true},"in2DMode":false,"pivot":{"x":11.516878128051758,"y":1.4684391021728516,"z":-3.334232807159424},"rotation":{"x":0.32954999804496767,"y":0.3214481770992279,"z":-0.12044388055801392,"w":0.8795236945152283},"size":8.942358016967774,"orthographic":false}