{"cameraMode":{"drawMode":0,"name":"Shaded","section":"Shading Mode"},"sceneLighting":true,"audioPlay":false,"sceneViewState":{"showFog":true,"showMaterialUpdate":false,"showSkybox":true,"showFlares":true,"showImageEffects":true,"showParticleSystems":true},"in2DMode":false,"pivot":{"x":6.151785373687744,"y":0.06062507629394531,"z":1.1986141204833985},"rotation":{"x":-0.26988041400909426,"y":0.016461949795484544,"z":-0.00461466982960701,"w":-0.9627421498298645},"size":28.976762771606447,"orthographic":false}