{"cameraMode":{"drawMode":0,"name":"Shaded","section":"Shading Mode"},"sceneLighting":true,"audioPlay":false,"sceneViewState":{"showFog":true,"showMaterialUpdate":false,"showSkybox":true,"showFlares":true,"showImageEffects":true,"showParticleSystems":true},"in2DMode":false,"pivot":{"x":-6.559999942779541,"y":11.90999984741211,"z":-19.8799991607666},"rotation":{"x":-0.28576937317848208,"y":0.0020098385866731407,"z":-0.0005993870436213911,"w":-0.9582967758178711},"size":-0.2547655701637268,"orthographic":false}