{"cameraMode":{"drawMode":0,"name":"Shaded","section":"Shading Mode"},"sceneLighting":true,"audioPlay":false,"sceneViewState":{"showFog":true,"showMaterialUpdate":false,"showSkybox":true,"showFlares":true,"showImageEffects":true,"showParticleSystems":true},"in2DMode":false,"pivot":{"x":-3.866506576538086,"y":-1.9171695709228516,"z":31.348163604736329},"rotation":{"x":-0.10511453449726105,"y":-0.003881394863128662,"z":0.00041028097621165216,"w":-0.9944531321525574},"size":56.87976837158203,"orthographic":false}