{"cameraMode":{"drawMode":0,"name":"Shaded","section":"Shading Mode"},"sceneLighting":true,"audioPlay":false,"sceneViewState":{"showFog":true,"showMaterialUpdate":false,"showSkybox":true,"showFlares":true,"showImageEffects":true,"showParticleSystems":true},"in2DMode":false,"pivot":{"x":-2.7027435302734377,"y":-0.2719958424568176,"z":-3.1373910903930666},"rotation":{"x":-0.24664053320884705,"y":-0.02703612670302391,"z":0.0068841055035591129,"w":-0.9687090516090393},"size":18.102872848510743,"orthographic":false}