{"cameraMode":{"drawMode":0,"name":"Shaded","section":"Shading Mode"},"sceneLighting":true,"audioPlay":false,"sceneViewState":{"showFog":true,"showMaterialUpdate":false,"showSkybox":true,"showFlares":true,"showImageEffects":true,"showParticleSystems":true},"in2DMode":false,"pivot":{"x":12.725661277770996,"y":1.3334269523620606,"z":-2.673861503601074},"rotation":{"x":-0.10952720791101456,"y":-0.03369173780083656,"z":0.0037150857970118524,"w":-0.9934090971946716},"size":6.512236595153809,"orthographic":false}