{"cameraMode":{"drawMode":0,"name":"Shaded","section":"Shading Mode"},"sceneLighting":true,"audioPlay":false,"sceneViewState":{"showFog":true,"showMaterialUpdate":false,"showSkybox":true,"showFlares":true,"showImageEffects":true,"showParticleSystems":true},"in2DMode":false,"pivot":{"x":11.939056396484375,"y":1.9699997901916505,"z":-2.8000001907348635},"rotation":{"x":-0.1280185729265213,"y":-0.19007088243961335,"z":0.02500649355351925,"w":-0.9730697870254517},"size":23.995107650756837,"orthographic":false}