{"cameraMode":{"drawMode":0,"name":"Shaded","section":"Shading Mode"},"sceneLighting":true,"audioPlay":false,"sceneViewState":{"showFog":true,"showMaterialUpdate":false,"showSkybox":true,"showFlares":true,"showImageEffects":true,"showParticleSystems":true},"in2DMode":false,"pivot":{"x":11.939056396484375,"y":1.9699997901916505,"z":-2.8000001907348635},"rotation":{"x":0.15836520493030549,"y":0.5892763733863831,"z":-0.11914534121751785,"w":0.7832531929016113},"size":11.30590534210205,"orthographic":true}