{"cameraMode":{"drawMode":0,"name":"Shaded","section":"Shading Mode"},"sceneLighting":true,"audioPlay":false,"sceneViewState":{"showFog":true,"showMaterialUpdate":false,"showSkybox":true,"showFlares":true,"showImageEffects":true,"showParticleSystems":true},"in2DMode":false,"pivot":{"x":-16.338768005371095,"y":7.2400054931640629,"z":-4.7153754234313969},"rotation":{"x":0.20329636335372926,"y":0.24378521740436555,"z":-0.05234340950846672,"w":0.9468367099761963},"size":8.728776931762696,"orthographic":true}