{"cameraMode":{"drawMode":0,"name":"Shaded","section":"Shading Mode"},"sceneLighting":false,"audioPlay":false,"sceneViewState":{"showFog":true,"showMaterialUpdate":false,"showSkybox":false,"showFlares":true,"showImageEffects":true,"showParticleSystems":true},"in2DMode":false,"pivot":{"x":6.09499979019165,"y":1.0740000009536744,"z":-4.699999809265137},"rotation":{"x":-0.27472591400146487,"y":-0.22883501648902894,"z":0.06749165058135987,"w":-0.9314559102058411},"size":1.6348530054092408,"orthographic":false}