{"cameraMode":{"drawMode":0,"name":"Shaded","section":"Shading Mode"},"sceneLighting":false,"audioPlay":false,"sceneViewState":{"showFog":true,"showMaterialUpdate":false,"showSkybox":false,"showFlares":true,"showImageEffects":true,"showParticleSystems":true},"in2DMode":false,"pivot":{"x":6.09499979019165,"y":1.2205761671066285,"z":-4.699999809265137},"rotation":{"x":0.0008470217580907047,"y":-0.332544207572937,"z":0.0002985470637213439,"w":0.9430883526802063},"size":0.37422627210617068,"orthographic":true}