{"cameraMode":{"drawMode":0,"name":"Shaded","section":"Shading Mode"},"sceneLighting":false,"audioPlay":false,"sceneViewState":{"showFog":true,"showMaterialUpdate":false,"showSkybox":false,"showFlares":true,"showImageEffects":true,"showParticleSystems":true},"in2DMode":false,"pivot":{"x":6.155936241149902,"y":1.2371412515640259,"z":-4.645284652709961},"rotation":{"x":-0.20746013522148133,"y":-0.1945534646511078,"z":0.0421399362385273,"w":-0.9577779173851013},"size":2.2348527908325197,"orthographic":false}