{"cameraMode":{"drawMode":0,"name":"Shaded","section":"Shading Mode"},"sceneLighting":true,"audioPlay":false,"sceneViewState":{"showFog":true,"showMaterialUpdate":false,"showSkybox":true,"showFlares":true,"showImageEffects":true,"showParticleSystems":true},"in2DMode":false,"pivot":{"x":13.85470199584961,"y":-1.845281958580017,"z":-6.072150230407715},"rotation":{"x":-0.4611909091472626,"y":-0.18204227089881898,"z":0.09728898853063584,"w":-0.8629608154296875},"size":7.08251428604126,"orthographic":false}