{"cameraMode":{"drawMode":0,"name":"Shaded","section":"Shading Mode"},"sceneLighting":true,"audioPlay":false,"sceneViewState":{"showFog":true,"showMaterialUpdate":false,"showSkybox":true,"showFlares":true,"showImageEffects":true,"showParticleSystems":true},"in2DMode":false,"pivot":{"x":14.327771186828614,"y":-3.4735937118530275,"z":2.6066789627075197},"rotation":{"x":0.2438097447156906,"y":0.23149487376213075,"z":-0.06005065143108368,"w":0.9398812055587769},"size":22.466588973999025,"orthographic":false}