{"cameraMode":{"drawMode":0,"name":"Shaded","section":"Shading Mode"},"sceneLighting":true,"audioPlay":false,"sceneViewState":{"showFog":true,"showMaterialUpdate":false,"showSkybox":true,"showFlares":true,"showImageEffects":true,"showParticleSystems":true},"in2DMode":false,"pivot":{"x":11.085582733154297,"y":1.0574910640716553,"z":-8.566926956176758},"rotation":{"x":-0.2604650557041168,"y":-0.270057737827301,"z":0.07613877207040787,"w":-0.9238171577453613},"size":4.956151485443115,"orthographic":false}